
<resources>
    <color name="seed">#275EA7</color>
    <color name="md_theme_light_primary">#275EA7</color>
    <color name="md_theme_light_onPrimary">#FFFFFF</color>
    <color name="md_theme_light_primaryContainer">#D6E3FF</color>
    <color name="md_theme_light_onPrimaryContainer">#001B3D</color>
    <color name="md_theme_light_secondary">#875200</color>
    <color name="md_theme_light_onSecondary">#FFFFFF</color>
    <color name="md_theme_light_secondaryContainer">#FFDDBA</color>
    <color name="md_theme_light_onSecondaryContainer">#2B1700</color>
    <color name="md_theme_light_tertiary">#006973</color>
    <color name="md_theme_light_onTertiary">#FFFFFF</color>
    <color name="md_theme_light_tertiaryContainer">#94F1FF</color>
    <color name="md_theme_light_onTertiaryContainer">#001F24</color>
    <color name="md_theme_light_error">#BA1A1A</color>
    <color name="md_theme_light_errorContainer">#FFDAD6</color>
    <color name="md_theme_light_onError">#FFFFFF</color>
    <color name="md_theme_light_onErrorContainer">#410002</color>
    <color name="md_theme_light_background">#FDFBFF</color>
    <color name="md_theme_light_onBackground">#1A1B1E</color>
    <color name="md_theme_light_surface">#FDFBFF</color>
    <color name="md_theme_light_onSurface">#1A1B1E</color>
    <color name="md_theme_light_surfaceVariant">#E0E2EC</color>
    <color name="md_theme_light_onSurfaceVariant">#44474E</color>
    <color name="md_theme_light_outline">#74777F</color>
    <color name="md_theme_light_inverseOnSurface">#F1F0F4</color>
    <color name="md_theme_light_inverseSurface">#2F3033</color>
    <color name="md_theme_light_inversePrimary">#A9C7FF</color>
    <color name="md_theme_light_shadow">#000000</color>
    <color name="md_theme_light_surfaceTint">#275EA7</color>
    <color name="md_theme_light_outlineVariant">#C4C6CF</color>
    <color name="md_theme_light_scrim">#000000</color>
    <color name="md_theme_dark_primary">#A9C7FF</color>
    <color name="md_theme_dark_onPrimary">#003063</color>
    <color name="md_theme_dark_primaryContainer">#00468B</color>
    <color name="md_theme_dark_onPrimaryContainer">#D6E3FF</color>
    <color name="md_theme_dark_secondary">#FFB867</color>
    <color name="md_theme_dark_onSecondary">#482900</color>
    <color name="md_theme_dark_secondaryContainer">#673D00</color>
    <color name="md_theme_dark_onSecondaryContainer">#FFDDBA</color>
    <color name="md_theme_dark_tertiary">#17DAEF</color>
    <color name="md_theme_dark_onTertiary">#00363C</color>
    <color name="md_theme_dark_tertiaryContainer">#004F57</color>
    <color name="md_theme_dark_onTertiaryContainer">#94F1FF</color>
    <color name="md_theme_dark_error">#FFB4AB</color>
    <color name="md_theme_dark_errorContainer">#93000A</color>
    <color name="md_theme_dark_onError">#690005</color>
    <color name="md_theme_dark_onErrorContainer">#FFDAD6</color>
    <color name="md_theme_dark_background">#1A1B1E</color>
    <color name="md_theme_dark_onBackground">#E3E2E6</color>
    <color name="md_theme_dark_surface">#1A1B1E</color>
    <color name="md_theme_dark_onSurface">#E3E2E6</color>
    <color name="md_theme_dark_surfaceVariant">#44474E</color>
    <color name="md_theme_dark_onSurfaceVariant">#C4C6CF</color>
    <color name="md_theme_dark_outline">#8E9099</color>
    <color name="md_theme_dark_inverseOnSurface">#1A1B1E</color>
    <color name="md_theme_dark_inverseSurface">#E3E2E6</color>
    <color name="md_theme_dark_inversePrimary">#275EA7</color>
    <color name="md_theme_dark_shadow">#000000</color>
    <color name="md_theme_dark_surfaceTint">#A9C7FF</color>
    <color name="md_theme_dark_outlineVariant">#44474E</color>
    <color name="md_theme_dark_scrim">#000000</color>
    <color name="CustomColor1">#173156</color>
</resources>
